title,company
Data & AI Product Analyst,
Data Scientist,
"Data Scientist, Conversational AI",
"Data Scientist, United States - BCG X",
Data Scientist,
Data Scientist,
Data Scientist – Increase Medicare Members’ Preventive Care,
"Scientist, Data Science - Hybrid",
Senior Clinical Quality Data Analyst,
Lead Data Scientist,
Senior Data Scientist - Retail Analytics,
Principal Data Scientist,
Statistician,
Fall 2025 Co-Op - AI Innovation - LMR,
Integrative Data Scientist in Research,
Senior Data Analyst,
Data Scientist in Bioinformatics and Neuroscience,
Data Scientist I (Women's Health),
"ML Data Associate-II, Artificial General Intelligence",
Data Scientist,
Data Scientist,
Statistical Analyst,
Visualization/Data Scientist,
Data Scientist,
Data Scientist,
"Graphics, Games, and Machine Learning - Gaming Experience Test Engineer",
Senior Data Analyst,
RWE Data Scientist,
Data Scientist III,
Data Scientist Co-Op,
"Associate Scientist, Data Science - Hybrid",
"Lead Data Scientist, Data Science",
"PART-TIME: Machine Learning Data Associate II, Artificial General Intelligence",
Senior Expert Data Scientist (Oncology),
"Director, Data Science",
"Lead Director, Data Science - Healthcare Analytics",
"Data Scientist II, Customer Technology Data Science",
STIPEND OPPORTUNITY: Artificial Intelligence (AI) Fellow (SY24-25),
"Senior Data Scientist, Data Science",
Senior Data Analyst,
"Data Scientist, Medicare Analytics",
"AIML - Sr Engineering Program Manager, Machine Learning FM",
Applied AI Scientist II,
"Senior Data Scientist, Data Science",
Senior Statistician,
"Director, Workplace Data Scientist",
Lead Data Scientist,
Senior Data Scientist,
Data Scientist II ( Omics),
Machine Learning Research Writer,
Lead Data Scientist,
Senior Data Scientist – Price Optimization Modeling,
"Data Scientist, Data Quality Engineer",
"Sr. Manager, Principal Statistical Programmer",
Data Analysis Associate,
AI & GenAI Data Scientist - Manager,
Data Scientist,
USA - Data Scientist II (Clinical) (contract),
Senior Data Scientist (Contract),
DATA SCIENCE CONSULTANT BOSTON,
Senior Data Scientist,
Senior/Principal Machine Learning Engineer,
Applied AI Scientist III,
Principal Data Scientist – Treasury Modeling,
Sr Decision Scientist: Advanced Analytics,
Data Scientist,
AI & GenAI Data Scientist-Senior Associate,
Data Science Engineer,
Data Visualization & Analytics Engineer,
Senior Data Scientist (Insights),
Sr. Data Scientist - Mechanistic Modeling & Machine Learning,
"Staff Data Scientist, Applied Research, Search Platforms",
Senior Data Scientist,
Senior Data Scientist,
Senior Data Scientist,
